id,date,time,currency,impact,event,actual,forecast,previous,source,created_at,updated_at,event_uid,time_zone,time_utc,actual_status,source_scope,last_updated
1,2025-09-30,1:00am,USD,low,FOMC Member Goolsbee Speaks,,,,forexfactory,2025-11-08 18:19:58,2025-11-08 18:19:58,6a7da2f3721816d2,IST,19:30,,month,2025-11-08 23:49:58
2,2025-09-30,2:00am,USD,low,API Weekly Statistical Bulletin,,,,forexfactory,2025-11-08 18:19:58,2025-11-08 18:19:58,05845733fa47d9be,IST,20:30,,month,2025-11-08 23:49:58
3,2025-09-30,3:15am,NZD,low,Building Consents m/m,5.8%,,5.3%,forexfactory,2025-11-08 18:19:58,2025-11-08 18:19:58,0aa4502bf8ffcda1,IST,21:45,,month,2025-11-08 23:49:58
4,2025-09-30,4:40am,USD,low,FOMC Member Logan Speaks,,,,forexfactory,2025-11-08 18:19:58,2025-11-08 18:19:58,6f3f8c920286c6a2,IST,23:10,,month,2025-11-08 23:49:58
5,2025-09-30,5:20am,JPY,low,Tankan Manufacturing Index,14,14,13,forexfactory,2025-11-08 18:19:58,2025-11-08 18:19:58,d1ec81b3e5411fb7,IST,23:50,,month,2025-11-08 23:49:58
6,2025-09-30,5:20am,JPY,low,Tankan Non-Manufacturing Index,34,33,34,forexfactory,2025-11-08 18:19:58,2025-11-08 18:19:58,86e33ad46360ec65,IST,23:50,better,month,2025-11-08 23:49:58
7,2025-09-30,All Day,CNY,,Bank Holiday,,,,forexfactory,2025-11-08 18:19:58,2025-11-08 18:19:58,792bb851ac903944,IST,All Day,,month,2025-11-08 23:49:58
8,2025-09-30,6:00am,JPY,low,Final Manufacturing PMI,48.5,48.4,48.4,forexfactory,2025-11-08 18:19:58,2025-11-08 18:19:58,d69c4807c50a069e,IST,00:30,,month,2025-11-08 23:49:58
9,2025-09-30,11:30am,GBP,low,Nationwide HPI m/m,0.5%,0.2%,-0.1%,forexfactory,2025-11-08 18:19:58,2025-11-08 18:19:58,8363315d510303cb,IST,06:00,better,month,2025-11-08 23:49:58
10,2025-09-30,12:00pm,AUD,low,Commodity Prices y/y,0.0%,,-5.1%,forexfactory,2025-11-08 18:19:58,2025-11-08 18:19:58,a1fd6793b83c362c,IST,06:30,,month,2025-11-08 23:49:58
11,2025-09-30,12:00pm,CHF,low,Retail Sales y/y,-0.2%,0.5%,0.9%,forexfactory,2025-11-08 18:19:58,2025-11-08 18:19:58,e6169851ad6d472b,IST,06:30,worse,month,2025-11-08 23:49:58
12,2025-09-30,12:45pm,EUR,low,Spanish Manufacturing PMI,51.5,53.8,54.3,forexfactory,2025-11-08 18:19:58,2025-11-08 18:19:58,9326117f8bc0f2b9,IST,07:15,worse,month,2025-11-08 23:49:58
13,2025-09-30,1:00pm,CHF,low,Manufacturing PMI,46.3,47.9,49.0,forexfactory,2025-11-08 18:19:58,2025-11-08 18:19:58,360c06b6720c0743,IST,07:30,worse,month,2025-11-08 23:49:58
14,2025-09-30,1:15pm,EUR,low,Italian Manufacturing PMI,49.0,49.9,50.4,forexfactory,2025-11-08 18:19:58,2025-11-08 18:19:58,a9d0842eeff0394e,IST,07:45,worse,month,2025-11-08 23:49:58
15,2025-09-30,1:20pm,EUR,low,French Final Manufacturing PMI,48.2,48.1,48.1,forexfactory,2025-11-08 18:19:58,2025-11-08 18:19:58,331a02276602eeb1,IST,07:50,,month,2025-11-08 23:49:58
16,2025-09-30,1:25pm,EUR,low,German Final Manufacturing PMI,49.5,48.5,48.5,forexfactory,2025-11-08 18:19:58,2025-11-08 18:19:58,9a3f1867bd61adc9,IST,07:55,better,month,2025-11-08 23:49:58
17,2025-09-30,1:30pm,EUR,low,Final Manufacturing PMI,49.8,49.5,49.5,forexfactory,2025-11-08 18:19:58,2025-11-08 18:19:58,3cf5f8ff8d778dff,IST,08:00,,month,2025-11-08 23:49:58
18,2025-09-30,2:00pm,GBP,low,Final Manufacturing PMI,46.2,46.2,46.2,forexfactory,2025-11-08 18:19:58,2025-11-08 18:19:58,ee6d70eac784e2a5,IST,08:30,,month,2025-11-08 23:49:58
19,2025-09-30,2:30pm,EUR,medium,Core CPI Flash Estimate y/y,2.3%,2.3%,2.3%,forexfactory,2025-11-08 18:19:58,2025-11-08 18:19:58,5c978f7959bfb671,IST,09:00,,month,2025-11-08 23:49:58
20,2025-09-30,2:30pm,EUR,medium,CPI Flash Estimate y/y,2.2%,2.2%,2.0%,forexfactory,2025-11-08 18:19:58,2025-11-08 18:19:58,7a6de8d589997d4e,IST,09:00,,month,2025-11-08 23:49:58
21,2025-09-30,All Day,All,medium,OPEC-JMMC Meetings,,,,forexfactory,2025-11-08 18:19:58,2025-11-08 18:19:58,8a64c5e38aa7c8b9,IST,All Day,,month,2025-11-08 23:49:58
22,2025-09-30,3:02pm,EUR,low,German 10-y Bond Auction,2.72|1.2,,2.61|1.9,forexfactory,2025-11-08 18:19:58,2025-11-08 18:19:58,5fc48547ad2a0fef,IST,09:32,,month,2025-11-08 23:49:58
23,2025-09-30,3:25pm,GBP,low,MPC Member Mann Speaks,,,,forexfactory,2025-11-08 18:19:58,2025-11-08 18:19:58,e8414cc189065114,IST,09:55,,month,2025-11-08 23:49:58
24,2025-09-30,4:30pm,EUR,low,German Buba President Nagel Speaks,,,,forexfactory,2025-11-08 18:19:58,2025-11-08 18:19:58,8a55781e9043aec5,IST,11:00,,month,2025-11-08 23:49:58
25,2025-09-30,5:45pm,USD,high,ADP Non-Farm Employment Change,-32K,52K,-3K,forexfactory,2025-11-08 18:19:58,2025-11-08 18:19:58,3eefac5d0ca0e250,IST,12:15,worse,month,2025-11-08 23:49:58
26,2025-09-30,6:30pm,CHF,low,SNB Quarterly Bulletin,,,,forexfactory,2025-11-08 18:19:58,2025-11-08 18:19:58,f2c461bda91195af,IST,13:00,,month,2025-11-08 23:49:58
27,2025-09-30,7:00pm,CAD,low,Manufacturing PMI,47.7,,48.3,forexfactory,2025-11-08 18:19:58,2025-11-08 18:19:58,87969aa0cf254a88,IST,13:30,,month,2025-11-08 23:49:58
28,2025-09-30,7:15pm,USD,low,Final Manufacturing PMI,52.0,52.0,52.0,forexfactory,2025-11-08 18:19:58,2025-11-08 18:19:58,f3e03928fe01fc09,IST,13:45,,month,2025-11-08 23:49:58
29,2025-09-30,7:30pm,USD,high,ISM Manufacturing PMI,49.1,49.0,48.7,forexfactory,2025-11-08 18:19:58,2025-11-08 18:19:58,a4b9ada6d9137bd3,IST,14:00,,month,2025-11-08 23:49:58
30,2025-09-30,7:30pm,USD,medium,ISM Manufacturing Prices,61.9,62.7,63.7,forexfactory,2025-11-08 18:19:58,2025-11-08 18:19:58,598213b7af63e0f7,IST,14:00,worse,month,2025-11-08 23:49:58
31,2025-09-30,All Day,USD,low,Wards Total Vehicle Sales,16.4M,16.2M,16.1M,forexfactory,2025-11-08 18:19:58,2025-11-08 18:19:58,8c09da50742bb7fe,IST,All Day,better,month,2025-11-08 23:49:58
32,2025-09-30,8:00pm,USD,low,Crude Oil Inventories,1.8M,1.5M,-0.6M,forexfactory,2025-11-08 18:19:58,2025-11-08 18:19:58,e49dd1084f039213,IST,14:30,worse,month,2025-11-08 23:49:58
33,2025-09-30,9:45pm,USD,low,FOMC Member Barkin Speaks,,,,forexfactory,2025-11-08 18:19:58,2025-11-08 18:19:58,e6282c614d2fc085,IST,16:15,,month,2025-11-08 23:49:58
34,2025-09-30,11:00pm,CAD,low,BOC Summary of Deliberations,,,,forexfactory,2025-11-08 18:19:58,2025-11-08 18:19:58,80ae0696a0056add,IST,17:30,,month,2025-11-08 23:49:58
35,2025-09-30,11:35pm,CAD,low,Gov Council Member Rogers Speaks,,,,forexfactory,2025-11-08 18:19:58,2025-11-08 18:19:58,e43a405a3a863410,IST,18:05,,month,2025-11-08 23:49:58
36,2025-11-01,12:30pm,CAD,,Daylight Saving Time Shift,,,,forexfactory,2025-11-08 18:20:24,2025-11-08 18:20:24,4e081fc83c026994,IST,07:00,,month,2025-11-08 23:50:24
37,2025-11-01,12:30pm,USD,,Daylight Saving Time Shift,,,,forexfactory,2025-11-08 18:20:24,2025-11-08 18:20:24,22efcbad3a77b513,IST,07:00,,month,2025-11-08 23:50:24
38,2025-11-02,3:15am,NZD,low,Building Consents m/m,7.2%,,6.1%,forexfactory,2025-11-08 18:20:24,2025-11-08 18:20:24,e1c75a337891feb2,IST,21:45,,month,2025-11-08 23:50:24
39,2025-11-02,5:30am,AUD,low,MI Inflation Gauge m/m,0.3%,,0.4%,forexfactory,2025-11-08 18:20:24,2025-11-08 18:20:24,0f1dc759d93a052a,IST,00:00,,month,2025-11-08 23:50:24
40,2025-11-02,All Day,JPY,,Bank Holiday,,,,forexfactory,2025-11-08 18:20:24,2025-11-08 18:20:24,768e28024d3c7342,IST,All Day,,month,2025-11-08 23:50:24
41,2025-11-02,6:00am,AUD,low,ANZ Job Advertisements m/m,-2.2%,,-3.5%,forexfactory,2025-11-08 18:20:24,2025-11-08 18:20:24,f53e81526007b799,IST,00:30,,month,2025-11-08 23:50:24
42,2025-11-02,6:00am,AUD,low,Building Approvals m/m,12.0%,5.1%,-3.6%,forexfactory,2025-11-08 18:20:24,2025-11-08 18:20:24,a4a79c519271699b,IST,00:30,better,month,2025-11-08 23:50:24
43,2025-11-02,6:00am,AUD,low,Household Spending m/m,0.2%,0.5%,0.1%,forexfactory,2025-11-08 18:20:24,2025-11-08 18:20:24,377311cc9aad11c1,IST,00:30,worse,month,2025-11-08 23:50:24
44,2025-11-02,7:15am,CNY,low,RatingDog Manufacturing PMI,50.6,50.7,51.2,forexfactory,2025-11-08 18:20:24,2025-11-08 18:20:24,c450b19709989cc7,IST,01:45,,month,2025-11-08 23:50:24
45,2025-11-02,11:00am,AUD,low,Commodity Prices y/y,-1.3%,,0.1%,forexfactory,2025-11-08 18:20:24,2025-11-08 18:20:24,b129ca0cc5d1e8e7,IST,05:30,,month,2025-11-08 23:50:24
46,2025-11-02,1:00pm,CHF,high,CPI m/m,-0.3%,-0.1%,-0.2%,forexfactory,2025-11-08 18:20:24,2025-11-08 18:20:24,b161a2b3e056eda2,IST,07:30,worse,month,2025-11-08 23:50:24
47,2025-11-02,1:45pm,EUR,low,Spanish Manufacturing PMI,52.1,51.8,51.5,forexfactory,2025-11-08 18:20:24,2025-11-08 18:20:24,bb78fe21672cf4d0,IST,08:15,,month,2025-11-08 23:50:24
48,2025-11-02,2:00pm,CHF,low,Manufacturing PMI,48.2,47.7,46.3,forexfactory,2025-11-08 18:20:24,2025-11-08 18:20:24,380e766fe3c60ebf,IST,08:30,better,month,2025-11-08 23:50:24
49,2025-11-02,2:15pm,EUR,low,Italian Manufacturing PMI,49.9,49.3,49.0,forexfactory,2025-11-08 18:20:24,2025-11-08 18:20:24,b79166ee5b2a7229,IST,08:45,better,month,2025-11-08 23:50:24
50,2025-11-02,2:20pm,EUR,low,French Final Manufacturing PMI,48.8,48.3,48.3,forexfactory,2025-11-08 18:20:24,2025-11-08 18:20:24,d727c8d818baff11,IST,08:50,better,month,2025-11-08 23:50:24
51,2025-11-02,2:25pm,EUR,low,German Final Manufacturing PMI,49.6,49.6,49.6,forexfactory,2025-11-08 18:20:24,2025-11-08 18:20:24,baffa99d811ff4a6,IST,08:55,,month,2025-11-08 23:50:24
52,2025-11-02,2:30pm,EUR,low,Final Manufacturing PMI,50.0,50.0,50.0,forexfactory,2025-11-08 18:20:24,2025-11-08 18:20:24,0b7a56963134c206,IST,09:00,,month,2025-11-08 23:50:24
53,2025-11-02,3:00pm,GBP,low,Final Manufacturing PMI,49.7,49.6,49.6,forexfactory,2025-11-08 18:20:24,2025-11-08 18:20:24,b88c17bdaa81af25,IST,09:30,,month,2025-11-08 23:50:24
54,2025-11-02,8:00pm,CAD,low,Manufacturing PMI,49.6,,47.7,forexfactory,2025-11-08 18:20:24,2025-11-08 18:20:24,9aadec1d31d47e73,IST,14:30,,month,2025-11-08 23:50:24
55,2025-11-02,8:15pm,USD,low,Final Manufacturing PMI,52.5,52.2,52.2,forexfactory,2025-11-08 18:20:24,2025-11-08 18:20:24,bdceba57e221882b,IST,14:45,,month,2025-11-08 23:50:24
56,2025-11-02,8:30pm,USD,high,ISM Manufacturing PMI,48.7,49.4,49.1,forexfactory,2025-11-08 18:20:24,2025-11-08 18:20:24,042b8426a46975af,IST,15:00,worse,month,2025-11-08 23:50:24
57,2025-11-02,8:30pm,USD,medium,ISM Manufacturing Prices,58.0,62.4,61.9,forexfactory,2025-11-08 18:20:24,2025-11-08 18:20:24,a4b1c64a814d3844,IST,15:00,worse,month,2025-11-08 23:50:24
58,2025-11-02,8:30pm,USD,low,FOMC Member Goolsbee Speaks,,,,forexfactory,2025-11-08 18:20:24,2025-11-08 18:20:24,e276bab5c2bbaec9,IST,15:00,,month,2025-11-08 23:50:24
59,2025-11-02,All Day,USD,low,Wards Total Vehicle Sales,15.3M,15.6M,16.4M,forexfactory,2025-11-08 18:20:24,2025-11-08 18:20:24,6196dfb3b1abd374,IST,All Day,worse,month,2025-11-08 23:50:24
60,2025-11-02,10:30pm,USD,low,FOMC Member Daly Speaks,,,,forexfactory,2025-11-08 18:20:24,2025-11-08 18:20:24,a75a95752be42934,IST,17:00,,month,2025-11-08 23:50:24
61,2025-11-03,12:00am,CAD,high,BOC Gov Macklem Speaks,,,,forexfactory,2025-11-08 18:20:24,2025-11-08 18:20:24,639fbc21143aa5c2,IST,18:30,,month,2025-11-08 23:50:24
62,2025-11-03,12:30am,USD,low,FOMC Member Cook Speaks,,,,forexfactory,2025-11-08 18:20:24,2025-11-08 18:20:24,efedd13088bf76a7,IST,19:00,,month,2025-11-08 23:50:24
63,2025-11-03,12:30am,USD,low,Loan Officer Survey,,,,forexfactory,2025-11-08 18:20:24,2025-11-08 18:20:24,a7836200a751745e,IST,19:00,,month,2025-11-08 23:50:24
64,2025-11-03,6:00am,JPY,low,Final Manufacturing PMI,48.2,48.3,48.3,forexfactory,2025-11-08 18:20:24,2025-11-08 18:20:24,68f5003b7e5acd77,IST,00:30,,month,2025-11-08 23:50:24
65,2025-11-03,9:00am,AUD,high,Cash Rate,3.60%,3.60%,3.60%,forexfactory,2025-11-08 18:20:24,2025-11-08 18:20:24,0adf46364724216e,IST,03:30,,month,2025-11-08 23:50:24
66,2025-11-03,9:00am,AUD,high,RBA Monetary Policy Statement,,,,forexfactory,2025-11-08 18:20:24,2025-11-08 18:20:24,d65e95fd42d43ef1,IST,03:30,,month,2025-11-08 23:50:24
67,2025-11-03,9:00am,AUD,high,RBA Rate Statement,,,,forexfactory,2025-11-08 18:20:24,2025-11-08 18:20:24,b94e8242c3943bd7,IST,03:30,,month,2025-11-08 23:50:24
68,2025-11-03,10:00am,AUD,high,RBA Press Conference,,,,forexfactory,2025-11-08 18:20:24,2025-11-08 18:20:24,28c1d5c631bb3957,IST,04:30,,month,2025-11-08 23:50:24
69,2025-11-03,1:10pm,EUR,medium,ECB President Lagarde Speaks,,,,forexfactory,2025-11-08 18:20:24,2025-11-08 18:20:24,b0ada5b82464661d,IST,07:40,,month,2025-11-08 23:50:24
70,2025-11-03,1:15pm,EUR,low,French Gov Budget Balance,-155.4B,,-157.5B,forexfactory,2025-11-08 18:20:24,2025-11-08 18:20:24,20ed8e30e5b79318,IST,07:45,,month,2025-11-08 23:50:24
71,2025-11-03,1:30pm,EUR,low,Spanish Unemployment Change,22.1K,5.2K,-4.8K,forexfactory,2025-11-08 18:20:24,2025-11-08 18:20:24,02ff4273bf36edb6,IST,08:00,worse,month,2025-11-08 23:50:24
73,2025-11-03,5:05pm,USD,low,FOMC Member Bowman Speaks,,,,forexfactory,2025-11-08 18:20:24,2025-11-08 18:20:24,66aca26540db2277,IST,11:35,,month,2025-11-08 23:50:24
74,2025-11-03,6:30pm,GBP,low,MPC Member Breeden Speaks,,,,forexfactory,2025-11-08 18:20:24,2025-11-08 18:20:24,c765fee473662660,IST,13:00,,month,2025-11-08 23:50:24
75,2025-11-03,8:15pm,NZD,low,GDT Price Index,-2.4%,,-1.4%,forexfactory,2025-11-08 18:20:24,2025-11-08 18:20:24,fdf56d26a8350f07,IST,14:45,,month,2025-11-08 23:50:24
76,2025-11-03,8:31pm,USD,low,RCM/TIPP Economic Optimism,43.9,48.1,48.3,forexfactory,2025-11-08 18:20:24,2025-11-08 18:20:24,f403da039e85c96f,IST,15:01,worse,month,2025-11-08 23:50:24
77,2025-11-03,10:30pm,EUR,low,German Buba President Nagel Speaks,,,,forexfactory,2025-11-08 18:20:24,2025-11-08 18:20:24,ed61811816fc0f65,IST,17:00,,month,2025-11-08 23:50:24
80,2025-11-30,3:15am,NZD,low,Building Consents m/m,,,,forexfactory,2025-11-08 18:20:51,2025-11-08 18:20:51,4adafd8ad61f6103,IST,21:45,,month,2025-11-08 23:50:51
81,2025-11-30,5:20am,JPY,low,Capital Spending q/y,,,,forexfactory,2025-11-08 18:20:51,2025-11-08 18:20:51,60c09c070371c654,IST,23:50,,month,2025-11-08 23:50:51
82,2025-11-30,5:30am,AUD,low,MI Inflation Gauge m/m,,,,forexfactory,2025-11-08 18:20:51,2025-11-08 18:20:51,afc76138a72b1f33,IST,00:00,,month,2025-11-08 23:50:51
83,2025-11-30,6:00am,AUD,low,ANZ Job Advertisements m/m,,,,forexfactory,2025-11-08 18:20:51,2025-11-08 18:20:51,3d18acb168b69763,IST,00:30,,month,2025-11-08 23:50:51
84,2025-11-30,6:00am,AUD,low,Company Operating Profits q/q,,,,forexfactory,2025-11-08 18:20:51,2025-11-08 18:20:51,a673a15eb8ab53fb,IST,00:30,,month,2025-11-08 23:50:51
85,2025-11-30,6:00am,JPY,low,Final Manufacturing PMI,,,,forexfactory,2025-11-08 18:20:51,2025-11-08 18:20:51,884d5895641e7046,IST,00:30,,month,2025-11-08 23:50:51
86,2025-11-30,7:15am,CNY,low,RatingDog Manufacturing PMI,,,,forexfactory,2025-11-08 18:20:51,2025-11-08 18:20:51,58221cce71c7871d,IST,01:45,,month,2025-11-08 23:50:51
87,2025-11-30,11:00am,AUD,low,Commodity Prices y/y,,,,forexfactory,2025-11-08 18:20:51,2025-11-08 18:20:51,5f0204f62b907576,IST,05:30,,month,2025-11-08 23:50:51
88,2025-11-30,1:45pm,EUR,low,Spanish Manufacturing PMI,,,,forexfactory,2025-11-08 18:20:51,2025-11-08 18:20:51,f7ea434bb16f54bd,IST,08:15,,month,2025-11-08 23:50:51
89,2025-11-30,2:00pm,CHF,low,Manufacturing PMI,,,,forexfactory,2025-11-08 18:20:51,2025-11-08 18:20:51,6484430d162080ae,IST,08:30,,month,2025-11-08 23:50:51
90,2025-11-30,2:15pm,EUR,low,Italian Manufacturing PMI,,,,forexfactory,2025-11-08 18:20:51,2025-11-08 18:20:51,b14aabdbe6998a8b,IST,08:45,,month,2025-11-08 23:50:51
91,2025-11-30,2:20pm,EUR,low,French Final Manufacturing PMI,,,,forexfactory,2025-11-08 18:20:51,2025-11-08 18:20:51,87bee9116beabaa6,IST,08:50,,month,2025-11-08 23:50:51
92,2025-11-30,2:25pm,EUR,low,German Final Manufacturing PMI,,,,forexfactory,2025-11-08 18:20:51,2025-11-08 18:20:51,6dafc7cffdb5de61,IST,08:55,,month,2025-11-08 23:50:51
93,2025-11-30,2:30pm,EUR,low,Final Manufacturing PMI,,,,forexfactory,2025-11-08 18:20:51,2025-11-08 18:20:51,f4f8c63bf1165b86,IST,09:00,,month,2025-11-08 23:50:51
94,2025-11-30,3:00pm,GBP,low,Final Manufacturing PMI,,,,forexfactory,2025-11-08 18:20:51,2025-11-08 18:20:51,8e101f66d686ee4b,IST,09:30,,month,2025-11-08 23:50:51
95,2025-11-30,3:00pm,GBP,low,M4 Money Supply m/m,,,,forexfactory,2025-11-08 18:20:51,2025-11-08 18:20:51,ab7094cf4b757ee7,IST,09:30,,month,2025-11-08 23:50:51
96,2025-11-30,3:00pm,GBP,low,Net Lending to Individuals m/m,,,,forexfactory,2025-11-08 18:20:51,2025-11-08 18:20:51,757275706e55841c,IST,09:30,,month,2025-11-08 23:50:51
97,2025-11-30,8:00pm,CAD,low,Manufacturing PMI,,,,forexfactory,2025-11-08 18:20:51,2025-11-08 18:20:51,8addf679af51bbcb,IST,14:30,,month,2025-11-08 23:50:51
98,2025-11-30,8:15pm,USD,low,Final Manufacturing PMI,,,,forexfactory,2025-11-08 18:20:51,2025-11-08 18:20:51,c61759f0d875dc1e,IST,14:45,,month,2025-11-08 23:50:51
99,2025-11-30,8:30pm,USD,high,ISM Manufacturing PMI,,,,forexfactory,2025-11-08 18:20:51,2025-11-08 18:20:51,f4c0326b026f23fd,IST,15:00,,month,2025-11-08 23:50:51
100,2025-11-30,8:30pm,USD,medium,ISM Manufacturing Prices,,,,forexfactory,2025-11-08 18:20:51,2025-11-08 18:20:51,8340a40a07b47c9a,IST,15:00,,month,2025-11-08 23:50:51
101,2025-11-30,8:30pm,USD,low,Construction Spending m/m,,,,forexfactory,2025-11-08 18:20:51,2025-11-08 18:20:51,6fe9cd59e5ad1a0c,IST,15:00,,month,2025-11-08 23:50:51
102,2025-11-30,All Day,USD,low,Wards Total Vehicle Sales,,,,forexfactory,2025-11-08 18:20:51,2025-11-08 18:20:51,a511990bb688c584,IST,All Day,,month,2025-11-08 23:50:51
103,2025-12-01,3:15am,NZD,low,Overseas Trade Index q/q,,,,forexfactory,2025-11-08 18:20:51,2025-11-08 18:20:51,087fccd9459cd9dc,IST,21:45,,month,2025-11-08 23:50:51
104,2025-12-01,5:20am,JPY,low,Monetary Base y/y,,,,forexfactory,2025-11-08 18:20:51,2025-11-08 18:20:51,1d005990b2814094,IST,23:50,,month,2025-11-08 23:50:51
105,2025-12-01,5:31am,GBP,low,BRC Shop Price Index y/y,,,,forexfactory,2025-11-08 18:20:51,2025-11-08 18:20:51,ba80e0e88bfeb8d6,IST,00:01,,month,2025-11-08 23:50:51
106,2025-12-01,6:00am,AUD,low,Building Approvals m/m,,,,forexfactory,2025-11-08 18:20:51,2025-11-08 18:20:51,6382d2d1eb76bc63,IST,00:30,,month,2025-11-08 23:50:51
107,2025-12-01,6:00am,AUD,low,Current Account,,,,forexfactory,2025-11-08 18:20:51,2025-11-08 18:20:51,de07c59a1620d98b,IST,00:30,,month,2025-11-08 23:50:51
108,2025-12-01,9:05am,JPY,low,10-y Bond Auction,,,,forexfactory,2025-11-08 18:20:51,2025-11-08 18:20:51,0a8be7a9068a9d1a,IST,03:35,,month,2025-11-08 23:50:51
109,2025-12-01,10:30am,JPY,low,Consumer Confidence,,,,forexfactory,2025-11-08 18:20:51,2025-11-08 18:20:51,9af850350bc97ce4,IST,05:00,,month,2025-11-08 23:50:51
110,2025-12-01,1:15pm,EUR,low,French Gov Budget Balance,,,,forexfactory,2025-11-08 18:20:51,2025-11-08 18:20:51,8ed65805422e5c8f,IST,07:45,,month,2025-11-08 23:50:51
111,2025-12-01,1:30pm,EUR,low,Spanish Unemployment Change,,,,forexfactory,2025-11-08 18:20:51,2025-11-08 18:20:51,cbaeeb468b78254a,IST,08:00,,month,2025-11-08 23:50:51
112,2025-12-01,2:30pm,EUR,low,Italian Monthly Unemployment Rate,,,,forexfactory,2025-11-08 18:20:51,2025-11-08 18:20:51,780badc7755c3a29,IST,09:00,,month,2025-11-08 23:50:51
113,2025-12-01,3:00pm,GBP,low,Mortgage Approvals,,,,forexfactory,2025-11-08 18:20:51,2025-11-08 18:20:51,dcac9ca57d023dde,IST,09:30,,month,2025-11-08 23:50:51
114,2025-12-01,3:30pm,EUR,medium,Core CPI Flash Estimate y/y,,,,forexfactory,2025-11-08 18:20:51,2025-11-08 18:20:51,9ec8484fb6fef4a3,IST,10:00,,month,2025-11-08 23:50:51
115,2025-12-01,3:30pm,EUR,medium,CPI Flash Estimate y/y,,,,forexfactory,2025-11-08 18:20:51,2025-11-08 18:20:51,21da5c6f730be3ff,IST,10:00,,month,2025-11-08 23:50:51
116,2025-12-01,3:30pm,EUR,low,Unemployment Rate,,,,forexfactory,2025-11-08 18:20:51,2025-11-08 18:20:51,e104a204ab9e5019,IST,10:00,,month,2025-11-08 23:50:51
117,2025-12-01,Tentative,EUR,low,Spanish 10-y Bond Auction,,,,forexfactory,2025-11-08 18:20:51,2025-11-08 18:20:51,f0762e483a697352,IST,Tentative,,month,2025-11-08 23:50:51
118,2025-12-01,Tentative,EUR,low,French 10-y Bond Auction,,,,forexfactory,2025-11-08 18:20:51,2025-11-08 18:20:51,b900ebb697655482,IST,Tentative,,month,2025-11-08 23:50:51
119,2025-12-01,4:00pm,GBP,low,BOE Financial Stability Report,,,,forexfactory,2025-11-08 18:20:51,2025-11-08 18:20:51,1050dd7d8580990d,IST,10:30,,month,2025-11-08 23:50:51
120,2025-12-01,4:00pm,GBP,low,FPC Meeting Minutes,,,,forexfactory,2025-11-08 18:20:51,2025-11-08 18:20:51,e7c509d67f03f006,IST,10:30,,month,2025-11-08 23:50:51
121,2025-12-01,4:00pm,GBP,low,FPC Statement,,,,forexfactory,2025-11-08 18:20:51,2025-11-08 18:20:51,4aafb0a7f919a4b0,IST,10:30,,month,2025-11-08 23:50:51
122,2025-12-01,8:30pm,USD,high,JOLTS Job Openings,,,,forexfactory,2025-11-08 18:20:51,2025-11-08 18:20:51,f367ab2430816cea,IST,15:00,,month,2025-11-08 23:50:51
123,2025-12-01,Tentative,USD,low,RCM/TIPP Economic Optimism,,,,forexfactory,2025-11-08 18:20:51,2025-11-08 18:20:51,5f0ba84876435d59,IST,Tentative,,month,2025-11-08 23:50:51
124,2025-12-01,Tentative,NZD,low,GDT Price Index,,,,forexfactory,2025-11-08 18:20:51,2025-11-08 18:20:51,8141926f33bbe0f4,IST,Tentative,,month,2025-11-08 23:50:51
125,2025-11-07,1:30am,USD,low,Consumer Credit m/m,13.1B,10.4B,3.1B,forexfactory,2025-11-08 18:22:08,2025-11-08 18:22:08,e5c0d104cc29ea5f,IST,20:00,better,day,2025-11-08 23:52:08
126,2025-11-07,1:30am,USD,low,FOMC Member Miran Speaks,,,,forexfactory,2025-11-08 18:22:08,2025-11-08 18:22:08,ba9737f678a8549c,IST,20:00,,day,2025-11-08 23:52:08
127,2025-11-07,2:31am,USD,low,FOMC Financial Stability Report,,,,forexfactory,2025-11-08 18:22:08,2025-11-08 18:22:08,c633649d9365a976,IST,21:01,,day,2025-11-08 23:52:08
78,2025-11-08,7:00am,CNY,medium,CPI y/y,0.2%,0.0%,-0.3%,forexfactory,2025-11-08 18:20:24,2025-11-08 18:20:24,08ce3cc70c24389e,IST,01:30,better,week,2025-11-09 13:04:08
79,2025-11-08,7:00am,CNY,medium,PPI y/y,-2.1%,-2.3%,-2.3%,forexfactory,2025-11-08 18:20:24,2025-11-08 18:20:24,206ec8261d94032a,IST,01:30,better,week,2025-11-09 13:04:08
178,2025-11-09,5:00am,AUD,low,RBA Deputy Gov Hauser Speaks,,,,forexfactory,2025-11-09 07:34:08,2025-11-09 07:34:08,804ac01521f255af,IST,23:30,,week,2025-11-09 13:04:08
179,2025-11-09,5:20am,JPY,low,BOJ Summary of Opinions,,,,forexfactory,2025-11-09 07:34:08,2025-11-09 07:34:08,b105503be7261fab,IST,23:50,,week,2025-11-09 13:04:08
180,2025-11-09,10:30am,JPY,low,Leading Indicators,,107.9%,107.0%,forexfactory,2025-11-09 07:34:08,2025-11-09 07:34:08,a666907be4194bb0,IST,05:00,,week,2025-11-09 13:04:08
181,2025-11-09,Tentative,CNY,low,M2 Money Supply y/y,,8.1%,8.4%,forexfactory,2025-11-09 07:34:08,2025-11-09 07:34:08,3b5bce75401d07ef,IST,Tentative,,week,2025-11-09 13:04:08
182,2025-11-09,Tentative,CNY,low,New Loans,,,1290B,forexfactory,2025-11-09 07:34:08,2025-11-09 07:34:08,c2feabef3c742590,IST,Tentative,,week,2025-11-09 13:04:08
183,2025-11-09,2:40pm,GBP,low,MPC Member Lombardelli Speaks,,,,forexfactory,2025-11-09 07:34:08,2025-11-09 07:34:08,4f94e29472f31aa0,IST,09:10,,week,2025-11-09 13:04:08
184,2025-11-09,3:00pm,EUR,low,Sentix Investor Confidence,,-3.9,-5.4,forexfactory,2025-11-09 07:34:08,2025-11-09 07:34:08,be469d49d69447dd,IST,09:30,,week,2025-11-09 13:04:08
185,2025-11-09,Tentative,USD,low,Cleveland Fed Inflation Expectations,,,3.5%,forexfactory,2025-11-09 07:34:08,2025-11-09 07:34:08,13749c6e3e025947,IST,Tentative,,week,2025-11-09 13:04:08
186,2025-11-10,5:00am,AUD,low,Westpac Consumer Sentiment,,,-3.5%,forexfactory,2025-11-09 07:34:08,2025-11-09 07:34:08,c07ab404427bcfd2,IST,23:30,,week,2025-11-09 13:04:08
187,2025-11-10,5:20am,JPY,low,Bank Lending y/y,,3.8%,3.8%,forexfactory,2025-11-09 07:34:08,2025-11-09 07:34:08,a1e9e9a65d3562dd,IST,23:50,,week,2025-11-09 13:04:08
188,2025-11-10,5:20am,JPY,low,Current Account,,2.26T,2.46T,forexfactory,2025-11-09 07:34:08,2025-11-09 07:34:08,fe44420378844766,IST,23:50,,week,2025-11-09 13:04:08
189,2025-11-10,5:31am,GBP,low,BRC Retail Sales Monitor y/y,,,2.0%,forexfactory,2025-11-09 07:34:08,2025-11-09 07:34:08,f8980235546c5e6c,IST,00:01,,week,2025-11-09 13:04:08
190,2025-11-10,6:00am,AUD,low,NAB Business Confidence,,,7,forexfactory,2025-11-09 07:34:08,2025-11-09 07:34:08,d8023a7f2ea841fd,IST,00:30,,week,2025-11-09 13:04:08
191,2025-11-10,7:30am,NZD,medium,Inflation Expectations q/q,,,2.28%,forexfactory,2025-11-09 07:34:08,2025-11-09 07:34:08,99c115a5ce17f70b,IST,02:00,,week,2025-11-09 13:04:08
192,2025-11-10,9:05am,JPY,low,30-y Bond Auction,,,3.25|3.4,forexfactory,2025-11-09 07:34:08,2025-11-09 07:34:08,c9eced7ed90c1d98,IST,03:35,,week,2025-11-09 13:04:08
193,2025-11-10,10:30am,JPY,low,Economy Watchers Sentiment,,47.6,47.1,forexfactory,2025-11-09 07:34:08,2025-11-09 07:34:08,029288b068af0597,IST,05:00,,week,2025-11-09 13:04:08
194,2025-11-10,12:30pm,GBP,high,Claimant Count Change,,20.3K,25.8K,forexfactory,2025-11-09 07:34:08,2025-11-09 07:34:08,56d8b05f54ceb768,IST,07:00,,week,2025-11-09 13:04:08
195,2025-11-10,12:30pm,GBP,medium,Average Earnings Index 3m/y,,5.0%,5.0%,forexfactory,2025-11-09 07:34:08,2025-11-09 07:34:08,d2bddb8225a38429,IST,07:00,,week,2025-11-09 13:04:08
196,2025-11-10,12:30pm,GBP,low,Unemployment Rate,,4.9%,4.8%,forexfactory,2025-11-09 07:34:08,2025-11-09 07:34:08,2b89bb643b1f23c7,IST,07:00,,week,2025-11-09 13:04:08
197,2025-11-10,All Day,EUR,,French Bank Holiday,,,,forexfactory,2025-11-09 07:34:08,2025-11-09 07:34:08,63466634f9837449,IST,All Day,,week,2025-11-09 13:04:08
198,2025-11-10,2:00pm,GBP,low,MPC Member Greene Speaks,,,,forexfactory,2025-11-09 07:34:08,2025-11-09 07:34:08,e384fd0fcf705977,IST,08:30,,week,2025-11-09 13:04:08
199,2025-11-10,3:30pm,EUR,low,German ZEW Economic Sentiment,,41.2,39.3,forexfactory,2025-11-09 07:34:08,2025-11-09 07:34:08,4ecff30fa180d64f,IST,10:00,,week,2025-11-09 13:04:08
200,2025-11-10,3:30pm,EUR,low,ZEW Economic Sentiment,,23.5,22.7,forexfactory,2025-11-09 07:34:08,2025-11-09 07:34:08,ab1c14281c87f855,IST,10:00,,week,2025-11-09 13:04:08
201,2025-11-10,4:30pm,USD,low,NFIB Small Business Index,,98.3,98.8,forexfactory,2025-11-09 07:34:08,2025-11-09 07:34:08,c5b250cffa46a54b,IST,11:00,,week,2025-11-09 13:04:08
202,2025-11-10,All Day,CAD,,Bank Holiday,,,,forexfactory,2025-11-09 07:34:08,2025-11-09 07:34:08,d88055ae45139f0a,IST,All Day,,week,2025-11-09 13:04:08
203,2025-11-10,All Day,USD,,Bank Holiday,,,,forexfactory,2025-11-09 07:34:08,2025-11-09 07:34:08,e29186ef0ccf0017,IST,All Day,,week,2025-11-09 13:04:08
204,2025-11-10,8:00pm,GBP,low,CB Leading Index m/m,,,-0.3%,forexfactory,2025-11-09 07:34:08,2025-11-09 07:34:08,16e2e091febd10bf,IST,14:30,,week,2025-11-09 13:04:08
205,2025-11-11,3:45am,AUD,low,RBA Assist Gov Jones Speaks,,,,forexfactory,2025-11-09 07:34:08,2025-11-09 07:34:08,05b8454ef156df1d,IST,22:15,,week,2025-11-09 13:04:08
206,2025-11-11,5:20am,JPY,low,M2 Money Stock y/y,,1.8%,1.6%,forexfactory,2025-11-09 07:34:08,2025-11-09 07:34:08,a4b382bf2d6bd121,IST,23:50,,week,2025-11-09 13:04:08
207,2025-11-11,8:55am,USD,low,FOMC Member Barr Speaks,,,,forexfactory,2025-11-09 07:34:08,2025-11-09 07:34:08,5b012addee7ea8cd,IST,03:25,,week,2025-11-09 13:04:08
208,2025-11-11,11:30am,JPY,low,Prelim Machine Tool Orders y/y,,,11.0%,forexfactory,2025-11-09 07:34:08,2025-11-09 07:34:08,538256e90ec1825b,IST,06:00,,week,2025-11-09 13:04:08
209,2025-11-11,12:30pm,EUR,low,German Final CPI m/m,,0.3%,0.3%,forexfactory,2025-11-09 07:34:08,2025-11-09 07:34:08,12ca9b899e596c2d,IST,07:00,,week,2025-11-09 13:04:08
210,2025-11-11,12:30pm,EUR,low,German WPI m/m,,0.1%,0.2%,forexfactory,2025-11-09 07:34:08,2025-11-09 07:34:08,af1d3392c2383a3c,IST,07:00,,week,2025-11-09 13:04:08
211,2025-11-11,2:30pm,EUR,low,Italian Industrial Production m/m,,1.5%,-2.4%,forexfactory,2025-11-09 07:34:08,2025-11-09 07:34:08,3413860aa8fc390e,IST,09:00,,week,2025-11-09 13:04:08
212,2025-11-11,All Day,EUR,low,Eurogroup Meetings,,,,forexfactory,2025-11-09 07:34:08,2025-11-09 07:34:08,61e2dd1b21207ce2,IST,All Day,,week,2025-11-09 13:04:08
213,2025-11-11,Tentative,EUR,low,German 30-y Bond Auction,,,3.17|1.4,forexfactory,2025-11-09 07:34:08,2025-11-09 07:34:08,6d96b79e22456262,IST,Tentative,,week,2025-11-09 13:04:08
214,2025-11-11,5:35pm,GBP,low,MPC Member Pill Speaks,,,,forexfactory,2025-11-09 07:34:08,2025-11-09 07:34:08,cc6890b2b1aba38e,IST,12:05,,week,2025-11-09 13:04:08
215,2025-11-11,7:00pm,CAD,low,Building Permits m/m,,0.9%,-1.2%,forexfactory,2025-11-09 07:34:08,2025-11-09 07:34:08,2b3a7f1c23ad6039,IST,13:30,,week,2025-11-09 13:04:08
216,2025-11-11,7:50pm,USD,low,FOMC Member Williams Speaks,,,,forexfactory,2025-11-09 07:34:08,2025-11-09 07:34:08,40a87893ed712fbf,IST,14:20,,week,2025-11-09 13:04:08
217,2025-11-11,8:30pm,USD,low,FOMC Member Paulson Speaks,,,,forexfactory,2025-11-09 07:34:08,2025-11-09 07:34:08,a2ff8b6b72abe047,IST,15:00,,week,2025-11-09 13:04:08
218,2025-11-11,8:50pm,USD,medium,FOMC Member Waller Speaks,,,,forexfactory,2025-11-09 07:34:08,2025-11-09 07:34:08,94f06d611e6b2998,IST,15:20,,week,2025-11-09 13:04:08
219,2025-11-11,9:00pm,AUD,low,CB Leading Index m/m,,,0.6%,forexfactory,2025-11-09 07:34:08,2025-11-09 07:34:08,afa000079e26049d,IST,15:30,,week,2025-11-09 13:04:08
220,2025-11-11,10:00pm,USD,low,FOMC Member Bostic Speaks,,,,forexfactory,2025-11-09 07:34:08,2025-11-09 07:34:08,771a12dca8ca8ba8,IST,16:30,,week,2025-11-09 13:04:08
221,2025-11-11,11:00pm,USD,low,FOMC Member Miran Speaks,,,,forexfactory,2025-11-09 07:34:08,2025-11-09 07:34:08,9e7e6339a7c2418a,IST,17:30,,week,2025-11-09 13:04:08
222,2025-11-11,11:31pm,USD,low,10-y Bond Auction,,,4.12|2.5,forexfactory,2025-11-09 07:34:08,2025-11-09 07:34:08,0f043368acb99aeb,IST,18:01,,week,2025-11-09 13:04:08
270,2025-11-14,1:00am,USD,low,FOMC Member Logan Speaks,,,,forexfactory,2025-11-09 07:41:15,2025-11-09 07:41:15,e742ac3474837e11,IST,19:30,,week,2025-11-09 13:11:15
318,2025-11-13,12:30am,USD,low,Federal Budget Balance,,,198.0B,forexfactory,2025-11-09 07:48:41,2025-11-09 07:48:41,bf6442e6276d29de,IST,19:00,,week,2025-11-09 13:18:41
319,2025-11-13,3:00am,NZD,low,BusinessNZ Manufacturing Index,,,49.9,forexfactory,2025-11-09 07:48:41,2025-11-09 07:48:41,8df40a66b279ade7,IST,21:30,,week,2025-11-09 13:18:41
320,2025-11-13,7:00am,CNY,low,New Home Prices m/m,,,-0.41%,forexfactory,2025-11-09 07:48:41,2025-11-09 07:48:41,cc955a3a460e7dc8,IST,01:30,,week,2025-11-09 13:18:41
321,2025-11-13,7:30am,CNY,low,Fixed Asset Investment ytd/y,,-0.8%,-0.5%,forexfactory,2025-11-09 07:48:41,2025-11-09 07:48:41,b0bfc7489b67a466,IST,02:00,,week,2025-11-09 13:18:41
322,2025-11-13,7:30am,CNY,low,Industrial Production y/y,,5.5%,6.5%,forexfactory,2025-11-09 07:48:41,2025-11-09 07:48:41,a426d6fc464e5922,IST,02:00,,week,2025-11-09 13:18:41
323,2025-11-13,7:30am,CNY,low,NBS Press Conference,,,,forexfactory,2025-11-09 07:48:41,2025-11-09 07:48:41,2eabe6cc85fa7979,IST,02:00,,week,2025-11-09 13:18:41
324,2025-11-13,7:30am,CNY,low,Retail Sales y/y,,2.8%,3.0%,forexfactory,2025-11-09 07:48:41,2025-11-09 07:48:41,7b0efb6cec2f263a,IST,02:00,,week,2025-11-09 13:18:41
325,2025-11-13,7:30am,CNY,low,Unemployment Rate,,5.2%,5.2%,forexfactory,2025-11-09 07:48:41,2025-11-09 07:48:41,1279fce8c492091e,IST,02:00,,week,2025-11-09 13:18:41
326,2025-11-13,10:00am,JPY,low,Tertiary Industry Activity m/m,,0.3%,-0.4%,forexfactory,2025-11-09 07:48:41,2025-11-09 07:48:41,862f1155a3819220,IST,04:30,,week,2025-11-09 13:18:41
327,2025-11-13,1:15pm,EUR,low,French Final CPI m/m,,0.1%,0.1%,forexfactory,2025-11-09 07:48:41,2025-11-09 07:48:41,7a92a20a76865f2d,IST,07:45,,week,2025-11-09 13:18:41
328,2025-11-13,2:30pm,EUR,low,Italian Trade Balance,,3.22B,2.05B,forexfactory,2025-11-09 07:48:41,2025-11-09 07:48:41,f46754cc9627400f,IST,09:00,,week,2025-11-09 13:18:41
329,2025-11-13,3:30pm,EUR,low,Flash Employment Change q/q,,0.1%,0.1%,forexfactory,2025-11-09 07:48:41,2025-11-09 07:48:41,449efae926806b3f,IST,10:00,,week,2025-11-09 13:18:41
330,2025-11-13,3:30pm,EUR,low,Flash GDP q/q,,0.2%,0.2%,forexfactory,2025-11-09 07:48:41,2025-11-09 07:48:41,809939d97ff0b8dd,IST,10:00,,week,2025-11-09 13:18:41
331,2025-11-13,3:30pm,EUR,low,Trade Balance,,,9.7B,forexfactory,2025-11-09 07:48:41,2025-11-09 07:48:41,9cd903b4a446e869,IST,10:00,,week,2025-11-09 13:18:41
332,2025-11-13,7:00pm,CAD,low,Manufacturing Sales m/m,,2.8%,-1.0%,forexfactory,2025-11-09 07:48:41,2025-11-09 07:48:41,cc776b7738825617,IST,13:30,,week,2025-11-09 13:18:41
333,2025-11-13,7:00pm,CAD,low,Wholesale Sales m/m,,0.0%,-1.2%,forexfactory,2025-11-09 07:48:41,2025-11-09 07:48:41,604e40fcddeed78f,IST,13:30,,week,2025-11-09 13:18:41
334,2025-11-13,Tentative,USD,high,Core PPI m/m,,,,forexfactory,2025-11-09 07:48:41,2025-11-09 07:48:41,a2f5163432477dc1,IST,Tentative,,week,2025-11-09 13:18:41
335,2025-11-13,Tentative,USD,high,Core Retail Sales m/m,,,,forexfactory,2025-11-09 07:48:41,2025-11-09 07:48:41,7da2d335adc2ae6c,IST,Tentative,,week,2025-11-09 13:18:41
336,2025-11-13,Tentative,USD,high,PPI m/m,,,,forexfactory,2025-11-09 07:48:41,2025-11-09 07:48:41,199fce866a985e8b,IST,Tentative,,week,2025-11-09 13:18:41
337,2025-11-13,Tentative,USD,high,Retail Sales m/m,,,,forexfactory,2025-11-09 07:48:41,2025-11-09 07:48:41,d305694058618d3a,IST,Tentative,,week,2025-11-09 13:18:41
338,2025-11-13,7:50pm,USD,low,FOMC Member Bostic Speaks,,,,forexfactory,2025-11-09 07:48:41,2025-11-09 07:48:41,5da31ccff4b3941e,IST,14:20,,week,2025-11-09 13:18:41
339,2025-11-13,Tentative,USD,low,Business Inventories m/m,,,,forexfactory,2025-11-09 07:48:41,2025-11-09 07:48:41,3d1ce4fb0513a569,IST,Tentative,,week,2025-11-09 13:18:41
340,2025-11-13,8:35pm,USD,low,FOMC Member Schmid Speaks,,,,forexfactory,2025-11-09 07:48:41,2025-11-09 07:48:41,9c7d4847bd2120d0,IST,15:05,,week,2025-11-09 13:18:41
341,2025-11-13,9:00pm,USD,low,Natural Gas Storage,,,33B,forexfactory,2025-11-09 07:48:41,2025-11-09 07:48:41,9d7c540d44e5a75e,IST,15:30,,week,2025-11-09 13:18:41
425,2025-10-01,2:30am,USD,low,FOMC Member Goolsbee Speaks,,,,forexfactory,2025-11-09 08:19:42,2025-11-09 08:19:42,ded7952d17785cb8,IST,21:00,,month,2025-11-09 13:49:42
426,2025-10-01,5:20am,JPY,low,Monetary Base y/y,-6.2%,-3.8%,-4.1%,forexfactory,2025-11-09 08:19:42,2025-11-09 08:19:42,38876bfaff4d8b23,IST,23:50,worse,month,2025-11-09 13:49:42
427,2025-10-01,All Day,CNY,,Bank Holiday,,,,forexfactory,2025-11-09 08:19:42,2025-11-09 08:19:42,a985f9c8a8d4aba5,IST,All Day,,month,2025-11-09 13:49:42
428,2025-10-01,7:00am,AUD,low,Goods Trade Balance,1.83B,6.13B,6.61B,forexfactory,2025-11-09 08:19:42,2025-11-09 08:19:42,490581f2c21c9d87,IST,01:30,worse,month,2025-11-09 13:49:42
429,2025-10-01,7:00am,AUD,low,Household Spending m/m,0.1%,0.3%,0.4%,forexfactory,2025-11-09 08:19:42,2025-11-09 08:19:42,5cf94a8b84b9f94f,IST,01:30,worse,month,2025-11-09 13:49:42
430,2025-10-01,7:00am,AUD,low,RBA Financial Stability Review,,,,forexfactory,2025-11-09 08:19:42,2025-11-09 08:19:42,5cd8e83aa7f8705c,IST,01:30,,month,2025-11-09 13:49:42
431,2025-10-01,9:05am,JPY,low,10-y Bond Auction,1.64|3.3,,1.61|3.9,forexfactory,2025-11-09 08:19:42,2025-11-09 08:19:42,6dfc03a5ed5aee28,IST,03:35,,month,2025-11-09 13:49:42
432,2025-10-01,10:30am,JPY,low,Consumer Confidence,35.3,35.1,34.9,forexfactory,2025-11-09 08:19:42,2025-11-09 08:19:42,60689004e1f0b382,IST,05:00,,month,2025-11-09 13:49:42
433,2025-10-01,12:00pm,CHF,high,CPI m/m,-0.2%,-0.2%,-0.1%,forexfactory,2025-11-09 08:19:42,2025-11-09 08:19:42,a3e65f46e4ecbbd4,IST,06:30,,month,2025-11-09 13:49:42
434,2025-10-01,12:15pm,EUR,low,French Gov Budget Balance,-157.5B,,-142.0B,forexfactory,2025-11-09 08:19:42,2025-11-09 08:19:42,1001872bb165d696,IST,06:45,,month,2025-11-09 13:49:42
435,2025-10-01,12:30pm,EUR,low,Spanish Unemployment Change,-4.8K,15.4K,21.9K,forexfactory,2025-11-09 08:19:42,2025-11-09 08:19:42,e5bf641de4b8f7e6,IST,07:00,better,month,2025-11-09 13:49:42
436,2025-10-01,1:30pm,EUR,low,Italian Monthly Unemployment Rate,6.0%,6.0%,5.9%,forexfactory,2025-11-09 08:19:42,2025-11-09 08:19:42,059c5772db25702f,IST,08:00,,month,2025-11-09 13:49:42
437,2025-10-01,2:25pm,EUR,low,French 10-y Bond Auction,3.51|2.5,,3.57|2.2,forexfactory,2025-11-09 08:19:42,2025-11-09 08:19:42,a68f49b841113347,IST,08:55,,month,2025-11-09 13:49:42
438,2025-10-01,2:30pm,EUR,low,Unemployment Rate,6.3%,6.2%,6.2%,forexfactory,2025-11-09 08:19:42,2025-11-09 08:19:42,038ed4d990de2a9b,IST,09:00,worse,month,2025-11-09 13:49:42
439,2025-10-01,3:40pm,USD,low,Challenger Job Cuts y/y,-25.8%,,13.3%,forexfactory,2025-11-09 08:19:42,2025-11-09 08:19:42,9053c35a985cadaa,IST,10:10,,month,2025-11-09 13:49:42
440,2025-10-01,8:00pm,USD,low,FOMC Member Logan Speaks,,,,forexfactory,2025-11-09 08:19:42,2025-11-09 08:19:42,faa638c958a8b684,IST,14:30,,month,2025-11-09 13:49:42
441,2025-10-01,8:00pm,USD,low,Natural Gas Storage,53B,66B,75B,forexfactory,2025-11-09 08:19:42,2025-11-09 08:19:42,8e0e40f1d013e109,IST,14:30,better,month,2025-11-09 13:49:42
442,2025-10-01,10:55pm,CAD,low,Gov Council Member Mendes Speaks,,,,forexfactory,2025-11-09 08:19:42,2025-11-09 08:19:42,492643ce7c9b4b70,IST,17:25,,month,2025-11-09 13:49:42
443,2025-10-02,12:00am,USD,low,FOMC Member Goolsbee Speaks,,,,forexfactory,2025-11-09 08:19:42,2025-11-09 08:19:42,2de2b6538b960f0e,IST,18:30,,month,2025-11-09 13:49:42
444,2025-10-02,5:00am,JPY,low,Unemployment Rate,2.6%,2.4%,2.3%,forexfactory,2025-11-09 08:19:42,2025-11-09 08:19:42,7fe850bdca1f381e,IST,23:30,worse,month,2025-11-09 13:49:42
445,2025-10-02,All Day,CNY,,Bank Holiday,,,,forexfactory,2025-11-09 08:19:42,2025-11-09 08:19:42,f8423affb9aefbb3,IST,All Day,,month,2025-11-09 13:49:42
446,2025-10-02,6:35am,JPY,high,BOJ Gov Ueda Speaks,,,,forexfactory,2025-11-09 08:19:42,2025-11-09 08:19:42,63e08b8e64a143e7,IST,01:05,,month,2025-11-09 13:49:42
447,2025-10-02,All Day,EUR,,German Bank Holiday,,,,forexfactory,2025-11-09 08:19:42,2025-11-09 08:19:42,bc8737d5dab42321,IST,All Day,,month,2025-11-09 13:49:42
448,2025-10-02,12:15pm,EUR,low,French Industrial Production m/m,-0.7%,0.3%,-1.1%,forexfactory,2025-11-09 08:19:42,2025-11-09 08:19:42,1c69e5de801efab2,IST,06:45,worse,month,2025-11-09 13:49:42
449,2025-10-02,12:45pm,EUR,low,Spanish Services PMI,54.3,53.3,53.2,forexfactory,2025-11-09 08:19:42,2025-11-09 08:19:42,0a89891bdc33e478,IST,07:15,better,month,2025-11-09 13:49:42
450,2025-10-02,1:15pm,EUR,low,Italian Services PMI,52.5,51.5,51.5,forexfactory,2025-11-09 08:19:42,2025-11-09 08:19:42,ddee83798e1d4569,IST,07:45,better,month,2025-11-09 13:49:42
451,2025-10-02,1:20pm,EUR,low,French Final Services PMI,48.5,48.9,48.9,forexfactory,2025-11-09 08:19:42,2025-11-09 08:19:42,96bd85ca849bbcb1,IST,07:50,worse,month,2025-11-09 13:49:42
452,2025-10-02,1:25pm,EUR,low,German Final Services PMI,51.5,52.5,52.5,forexfactory,2025-11-09 08:19:42,2025-11-09 08:19:42,e4764a9ede4786d1,IST,07:55,worse,month,2025-11-09 13:49:42
453,2025-10-02,1:30pm,EUR,low,Final Services PMI,51.3,51.4,51.4,forexfactory,2025-11-09 08:19:42,2025-11-09 08:19:42,89bfc3b15ef7189f,IST,08:00,,month,2025-11-09 13:49:42
454,2025-10-02,1:30pm,EUR,low,Italian Retail Sales m/m,-0.1%,0.0%,0.0%,forexfactory,2025-11-09 08:19:42,2025-11-09 08:19:42,d366a9d6a24bae04,IST,08:00,worse,month,2025-11-09 13:49:42
455,2025-10-02,2:00pm,GBP,low,Final Services PMI,50.8,51.9,51.9,forexfactory,2025-11-09 08:19:42,2025-11-09 08:19:42,36f62db386605ed1,IST,08:30,worse,month,2025-11-09 13:49:42
456,2025-10-02,2:30pm,EUR,low,PPI m/m,-0.3%,-0.1%,0.3%,forexfactory,2025-11-09 08:19:42,2025-11-09 08:19:42,e6c4692263df485c,IST,09:00,worse,month,2025-11-09 13:49:42
457,2025-10-02,3:10pm,EUR,medium,ECB President Lagarde Speaks,,,,forexfactory,2025-11-09 08:19:42,2025-11-09 08:19:42,07d6085cde3785f8,IST,09:40,,month,2025-11-09 13:49:42
458,2025-10-02,3:35pm,USD,low,FOMC Member Williams Speaks,,,,forexfactory,2025-11-09 08:19:42,2025-11-09 08:19:42,9b8b3d498a5a7704,IST,10:05,,month,2025-11-09 13:49:42
460,2025-10-02,6:50pm,GBP,high,BOE Gov Bailey Speaks,,,,forexfactory,2025-11-09 08:19:42,2025-11-09 08:19:42,35b013d9e8d98e4d,IST,13:20,,month,2025-11-09 13:49:42
461,2025-10-02,7:05pm,USD,low,FOMC Member Miran Speaks,,,,forexfactory,2025-11-09 08:19:42,2025-11-09 08:19:42,4d060694ea28e83e,IST,13:35,,month,2025-11-09 13:49:42
462,2025-10-02,7:15pm,USD,low,Final Services PMI,54.2,53.9,53.9,forexfactory,2025-11-09 08:19:42,2025-11-09 08:19:42,61e98ae502bf4848,IST,13:45,,month,2025-11-09 13:49:42
463,2025-10-02,7:30pm,USD,high,ISM Services PMI,50.0,51.8,52.0,forexfactory,2025-11-09 08:19:42,2025-11-09 08:19:42,2493f27c78d9a536,IST,14:00,worse,month,2025-11-09 13:49:42
464,2025-10-02,11:00pm,USD,low,FOMC Member Logan Speaks,,,,forexfactory,2025-11-09 08:19:42,2025-11-09 08:19:42,e3991f8fa333bae5,IST,17:30,,month,2025-11-09 13:49:42
465,2025-10-02,11:10pm,USD,low,FOMC Member Jefferson Speaks,,,,forexfactory,2025-11-09 08:19:42,2025-11-09 08:19:42,046a4accb09d5fa0,IST,17:40,,month,2025-11-09 13:49:42
466,2025-10-03,1:00am,USD,low,FOMC Member Miran Speaks,,,,forexfactory,2025-11-09 08:19:42,2025-11-09 08:19:42,09e132bb865c0a01,IST,19:30,,month,2025-11-09 13:49:42
467,2025-10-03,9:30pm,AUD,,Daylight Saving Time Shift,,,,forexfactory,2025-11-09 08:19:42,2025-11-09 08:19:42,bd6416d7ca96ce34,IST,16:00,,month,2025-11-09 13:49:42
468,2025-10-05,All Day,AUD,,Bank Holiday,,,,forexfactory,2025-11-09 08:19:42,2025-11-09 08:19:42,114f8ecabf92d993,IST,All Day,,month,2025-11-09 13:49:42
469,2025-10-05,5:30am,AUD,low,MI Inflation Gauge m/m,0.4%,,-0.3%,forexfactory,2025-11-09 08:19:42,2025-11-09 08:19:42,aec515f8ae51a106,IST,00:00,,month,2025-11-09 13:49:42
470,2025-10-05,5:30am,NZD,low,ANZ Commodity Prices m/m,-1.1%,,0.7%,forexfactory,2025-11-09 08:19:42,2025-11-09 08:19:42,91ca8861ac306a66,IST,00:00,,month,2025-11-09 13:49:42
471,2025-10-05,All Day,CNY,,Bank Holiday,,,,forexfactory,2025-11-09 08:19:42,2025-11-09 08:19:42,ac17639843d15d17,IST,All Day,,month,2025-11-09 13:49:42
472,2025-10-05,12:30pm,CHF,low,Unemployment Rate,3.0%,2.9%,2.9%,forexfactory,2025-11-09 08:19:42,2025-11-09 08:19:42,535e06a2002b4c1e,IST,07:00,worse,month,2025-11-09 13:49:42
473,2025-10-05,2:00pm,EUR,low,Sentix Investor Confidence,-5.4,-7.5,-9.2,forexfactory,2025-11-09 08:19:42,2025-11-09 08:19:42,b6b875cc2e1353f7,IST,08:30,better,month,2025-11-09 13:49:42
474,2025-10-05,2:00pm,GBP,low,Construction PMI,46.2,46.1,45.5,forexfactory,2025-11-09 08:19:42,2025-11-09 08:19:42,c9af4d5a533740e3,IST,08:30,,month,2025-11-09 13:49:42
475,2025-10-05,2:00pm,GBP,low,Housing Equity Withdrawal q/q,-16.1B,-4.5B,-4.9B,forexfactory,2025-11-09 08:19:42,2025-11-09 08:19:42,76a6cdf10dab6fa6,IST,08:30,worse,month,2025-11-09 13:49:42
476,2025-10-05,2:30pm,EUR,low,Retail Sales m/m,0.1%,0.1%,-0.4%,forexfactory,2025-11-09 08:19:42,2025-11-09 08:19:42,7c1a318ce752359c,IST,09:00,,month,2025-11-09 13:49:42
477,2025-10-05,8:30pm,GBP,high,BOE Gov Bailey Speaks,,,,forexfactory,2025-11-09 08:19:42,2025-11-09 08:19:42,52aa0fd5d87fabb2,IST,15:00,,month,2025-11-09 13:49:42
478,2025-10-05,10:30pm,EUR,high,ECB President Lagarde Speaks,,,,forexfactory,2025-11-09 08:19:42,2025-11-09 08:19:42,f8b2d2f7e3c151ad,IST,17:00,,month,2025-11-09 13:49:42
479,2025-10-30,5:00am,JPY,medium,Tokyo Core CPI y/y,2.8%,2.6%,2.5%,forexfactory,2025-11-09 08:19:42,2025-11-09 08:19:42,04f09f45a990a859,IST,23:30,better,month,2025-11-09 13:49:42
480,2025-10-30,5:00am,JPY,low,Unemployment Rate,2.6%,2.5%,2.6%,forexfactory,2025-11-09 08:19:42,2025-11-09 08:19:42,ff2576202554cfcf,IST,23:30,worse,month,2025-11-09 13:49:42
481,2025-10-30,5:20am,JPY,low,Prelim Industrial Production m/m,2.2%,1.5%,-1.5%,forexfactory,2025-11-09 08:19:42,2025-11-09 08:19:42,5d99155e6f55bb06,IST,23:50,better,month,2025-11-09 13:49:42
482,2025-10-30,5:20am,JPY,low,Retail Sales y/y,0.5%,0.8%,-0.9%,forexfactory,2025-11-09 08:19:42,2025-11-09 08:19:42,4689f1a92896c572,IST,23:50,worse,month,2025-11-09 13:49:42
483,2025-10-30,6:00am,AUD,low,PPI q/q,1.0%,0.8%,0.7%,forexfactory,2025-11-09 08:19:42,2025-11-09 08:19:42,81d0ff3bfa5b8eb8,IST,00:30,better,month,2025-11-09 13:49:42
484,2025-10-30,6:00am,AUD,low,Private Sector Credit m/m,0.6%,0.6%,0.6%,forexfactory,2025-11-09 08:19:42,2025-11-09 08:19:42,10453a44344ab458,IST,00:30,,month,2025-11-09 13:49:42
485,2025-10-30,7:00am,CNY,high,Manufacturing PMI,49.0,49.6,49.8,forexfactory,2025-11-09 08:19:42,2025-11-09 08:19:42,259a5b4506c8529a,IST,01:30,worse,month,2025-11-09 13:49:42
486,2025-10-30,7:00am,CNY,medium,Non-Manufacturing PMI,50.1,50.1,50.0,forexfactory,2025-11-09 08:19:42,2025-11-09 08:19:42,34fc1645908ca500,IST,01:30,,month,2025-11-09 13:49:42
487,2025-10-30,10:30am,JPY,low,Housing Starts y/y,-7.3%,-7.8%,-9.8%,forexfactory,2025-11-09 08:19:42,2025-11-09 08:19:42,7930017f902c7bd4,IST,05:00,better,month,2025-11-09 13:49:42
488,2025-10-30,12:30pm,EUR,low,German Import Prices m/m,0.2%,-0.2%,-0.5%,forexfactory,2025-11-09 08:19:42,2025-11-09 08:19:42,a5b9fcdd32f0ca7d,IST,07:00,better,month,2025-11-09 13:49:42
489,2025-10-30,12:30pm,EUR,low,German Retail Sales m/m,0.2%,0.2%,-0.5%,forexfactory,2025-11-09 08:19:42,2025-11-09 08:19:42,ddd2d3bcd3d8cbec,IST,07:00,,month,2025-11-09 13:49:42
490,2025-10-30,12:30pm,GBP,low,Nationwide HPI m/m,0.3%,0.0%,0.5%,forexfactory,2025-11-09 08:19:42,2025-11-09 08:19:42,fdcf63ebb668ecd8,IST,07:00,better,month,2025-11-09 13:49:42
491,2025-10-30,1:00pm,CHF,low,Retail Sales y/y,1.5%,0.3%,-0.4%,forexfactory,2025-11-09 08:19:42,2025-11-09 08:19:42,5f1c69023ae18321,IST,07:30,better,month,2025-11-09 13:49:42
492,2025-10-30,1:15pm,EUR,low,French Prelim CPI m/m,0.1%,0.1%,-1.0%,forexfactory,2025-11-09 08:19:42,2025-11-09 08:19:42,df67aff0254b69b3,IST,07:45,,month,2025-11-09 13:49:42
493,2025-10-30,3:30pm,EUR,medium,Core CPI Flash Estimate y/y,2.4%,2.3%,2.4%,forexfactory,2025-11-09 08:19:42,2025-11-09 08:19:42,5abe54609b9114fe,IST,10:00,better,month,2025-11-09 13:49:42
494,2025-10-30,3:30pm,EUR,medium,CPI Flash Estimate y/y,2.1%,2.1%,2.2%,forexfactory,2025-11-09 08:19:42,2025-11-09 08:19:42,c965dab47085aa7d,IST,10:00,,month,2025-11-09 13:49:42
495,2025-10-30,3:30pm,EUR,low,Italian Prelim CPI m/m,-0.3%,0.0%,-0.2%,forexfactory,2025-11-09 08:19:42,2025-11-09 08:19:42,60533971b7ae0b7b,IST,10:00,worse,month,2025-11-09 13:49:42
496,2025-10-30,6:00pm,CAD,high,GDP m/m,-0.3%,0.0%,0.3%,forexfactory,2025-11-09 08:19:42,2025-11-09 08:19:42,9f669b374a5294d6,IST,12:30,worse,month,2025-11-09 13:49:42
497,2025-10-30,6:00pm,USD,low,FOMC Member Logan Speaks,,,,forexfactory,2025-11-09 08:19:42,2025-11-09 08:19:42,c9515b9edb38d383,IST,12:30,,month,2025-11-09 13:49:42
498,2025-10-30,7:15pm,USD,low,Chicago PMI,43.8,42.3,40.6,forexfactory,2025-11-09 08:19:42,2025-11-09 08:19:42,9c9dd944e605388f,IST,13:45,better,month,2025-11-09 13:49:42
499,2025-10-30,9:30pm,USD,low,FOMC Member Bostic Speaks,,,,forexfactory,2025-11-09 08:19:42,2025-11-09 08:19:42,84a14976fb288094,IST,16:00,,month,2025-11-09 13:49:42
500,2025-10-30,9:30pm,USD,low,FOMC Member Hammack Speaks,,,,forexfactory,2025-11-09 08:19:42,2025-11-09 08:19:42,5e7ff1d0bc4482b3,IST,16:00,,month,2025-11-09 13:49:42
551,2025-11-27,5:00am,JPY,medium,Tokyo Core CPI y/y,,,,forexfactory,2025-11-09 08:20:34,2025-11-09 08:20:34,f049d0e843c26aeb,IST,23:30,,month,2025-11-09 13:50:34
552,2025-11-27,5:00am,JPY,low,Unemployment Rate,,,,forexfactory,2025-11-09 08:20:34,2025-11-09 08:20:34,4849a9ad3efb34ff,IST,23:30,,month,2025-11-09 13:50:34
553,2025-11-27,5:20am,JPY,low,Prelim Industrial Production m/m,,,,forexfactory,2025-11-09 08:20:34,2025-11-09 08:20:34,371f6789232d076a,IST,23:50,,month,2025-11-09 13:50:34
554,2025-11-27,5:20am,JPY,low,Retail Sales y/y,,,,forexfactory,2025-11-09 08:20:34,2025-11-09 08:20:34,620294484bbd8789,IST,23:50,,month,2025-11-09 13:50:34
555,2025-11-27,6:00am,AUD,low,Private Sector Credit m/m,,,,forexfactory,2025-11-09 08:20:34,2025-11-09 08:20:34,f7e4e2d97146a9ba,IST,00:30,,month,2025-11-09 13:50:34
556,2025-11-27,10:30am,JPY,low,Housing Starts y/y,,,,forexfactory,2025-11-09 08:20:34,2025-11-09 08:20:34,1696773d3cf79e25,IST,05:00,,month,2025-11-09 13:50:34
557,2025-11-27,All Day,EUR,medium,German Prelim CPI m/m,,,,forexfactory,2025-11-09 08:20:34,2025-11-09 08:20:34,7d9dc03ec6cb3efd,IST,All Day,,month,2025-11-09 13:50:34
558,2025-11-27,1:15pm,EUR,low,French Consumer Spending m/m,,,,forexfactory,2025-11-09 08:20:34,2025-11-09 08:20:34,1647d870a3683c02,IST,07:45,,month,2025-11-09 13:50:34
559,2025-11-27,1:15pm,EUR,low,French Final Private Payrolls q/q,,,,forexfactory,2025-11-09 08:20:34,2025-11-09 08:20:34,95f8cde2a68f0b0a,IST,07:45,,month,2025-11-09 13:50:34
560,2025-11-27,1:15pm,EUR,low,French Prelim CPI m/m,,,,forexfactory,2025-11-09 08:20:34,2025-11-09 08:20:34,15d577423dbee493,IST,07:45,,month,2025-11-09 13:50:34
561,2025-11-27,1:15pm,EUR,low,French Prelim GDP q/q,,,,forexfactory,2025-11-09 08:20:34,2025-11-09 08:20:34,21d18af2f572ac82,IST,07:45,,month,2025-11-09 13:50:34
562,2025-11-27,1:30pm,CHF,low,GDP q/q,,,,forexfactory,2025-11-09 08:20:34,2025-11-09 08:20:34,c3960e587108ba6c,IST,08:00,,month,2025-11-09 13:50:34
563,2025-11-27,1:30pm,CHF,low,KOF Economic Barometer,,,,forexfactory,2025-11-09 08:20:34,2025-11-09 08:20:34,ac32e7cf72026778,IST,08:00,,month,2025-11-09 13:50:34
564,2025-11-27,1:30pm,EUR,low,Spanish Flash CPI y/y,,,,forexfactory,2025-11-09 08:20:34,2025-11-09 08:20:34,cf20d01c99751b10,IST,08:00,,month,2025-11-09 13:50:34
565,2025-11-27,2:25pm,EUR,low,German Unemployment Change,,,,forexfactory,2025-11-09 08:20:34,2025-11-09 08:20:34,17dde2221796bf38,IST,08:55,,month,2025-11-09 13:50:34
566,2025-11-27,3:30pm,EUR,low,Italian Prelim CPI m/m,,,,forexfactory,2025-11-09 08:20:34,2025-11-09 08:20:34,eab80c1406b8b83d,IST,10:00,,month,2025-11-09 13:50:34
567,2025-11-27,All Day,EUR,low,Italian 10-y Bond Auction,,,,forexfactory,2025-11-09 08:20:34,2025-11-09 08:20:34,05eeaf4e5f5d4f9c,IST,All Day,,month,2025-11-09 13:50:34
568,2025-11-27,7:00pm,CAD,high,GDP m/m,,,,forexfactory,2025-11-09 08:20:34,2025-11-09 08:20:34,35a5679d9b6c3fb7,IST,13:30,,month,2025-11-09 13:50:34
569,2025-11-29,7:00am,CNY,medium,Manufacturing PMI,,,,forexfactory,2025-11-09 08:20:34,2025-11-09 08:20:34,3456a726dd92fe49,IST,01:30,,month,2025-11-09 13:50:34
570,2025-11-29,7:00am,CNY,low,Non-Manufacturing PMI,,,,forexfactory,2025-11-09 08:20:34,2025-11-09 08:20:34,85e8b36b74e4b48e,IST,01:30,,month,2025-11-09 13:50:34
571,2025-11-29,1:00pm,CHF,low,Retail Sales y/y,,,,forexfactory,2025-11-09 08:20:34,2025-11-09 08:20:34,b61163700b7cf32c,IST,07:30,,month,2025-11-09 13:50:34
572,2025-11-29,All Day,All,medium,OPEC-JMMC Meetings,,,,forexfactory,2025-11-09 08:20:34,2025-11-09 08:20:34,7d7794b19a10df86,IST,All Day,,month,2025-11-09 13:50:34
573,2025-11-29,All Day,All,medium,OPEC Meetings,,,,forexfactory,2025-11-09 08:20:34,2025-11-09 08:20:34,1c23d2a2d0106fd2,IST,All Day,,month,2025-11-09 13:50:34
619,2025-12-29,1:00pm,CHF,low,Retail Sales y/y,,,,forexfactory,2025-11-09 08:21:15,2025-11-09 08:21:15,24cb3a9636484369,IST,07:30,,month,2025-11-09 13:51:15
620,2025-12-29,1:30pm,CHF,low,KOF Economic Barometer,,,,forexfactory,2025-11-09 08:21:15,2025-11-09 08:21:15,c51ec468b8eb2723,IST,08:00,,month,2025-11-09 13:51:15
621,2025-12-29,1:30pm,EUR,low,Spanish Flash CPI y/y,,,,forexfactory,2025-11-09 08:21:15,2025-11-09 08:21:15,296d2c487fd7096e,IST,08:00,,month,2025-11-09 13:51:15
622,2025-12-29,7:30pm,USD,low,HPI m/m,,,,forexfactory,2025-11-09 08:21:15,2025-11-09 08:21:15,4f9e21a87aa25290,IST,14:00,,month,2025-11-09 13:51:15
623,2025-12-29,7:30pm,USD,low,S&P/CS Composite-20 HPI y/y,,,,forexfactory,2025-11-09 08:21:15,2025-11-09 08:21:15,8076f4c3494e59d7,IST,14:00,,month,2025-11-09 13:51:15
624,2025-12-29,8:15pm,USD,low,Chicago PMI,,,,forexfactory,2025-11-09 08:21:15,2025-11-09 08:21:15,61dc13023718911c,IST,14:45,,month,2025-11-09 13:51:15
625,2025-12-30,12:30am,USD,high,FOMC Meeting Minutes,,,,forexfactory,2025-11-09 08:21:15,2025-11-09 08:21:15,6e90732a7573e455,IST,19:00,,month,2025-11-09 13:51:15
626,2025-12-30,3:00am,USD,low,API Weekly Statistical Bulletin,,,,forexfactory,2025-11-09 08:21:15,2025-11-09 08:21:15,94b69e86fc15703c,IST,21:30,,month,2025-11-09 13:51:15
627,2025-12-30,All Day,JPY,,Bank Holiday,,,,forexfactory,2025-11-09 08:21:15,2025-11-09 08:21:15,54a94294f0168910,IST,All Day,,month,2025-11-09 13:51:15
628,2025-12-30,6:00am,AUD,low,Private Sector Credit m/m,,,,forexfactory,2025-11-09 08:21:15,2025-11-09 08:21:15,e4b26df1ab765fdc,IST,00:30,,month,2025-11-09 13:51:15
629,2025-12-30,7:00am,CNY,medium,Manufacturing PMI,,,,forexfactory,2025-11-09 08:21:15,2025-11-09 08:21:15,d9790c12a79ae4bd,IST,01:30,,month,2025-11-09 13:51:15
630,2025-12-30,7:00am,CNY,low,Non-Manufacturing PMI,,,,forexfactory,2025-11-09 08:21:15,2025-11-09 08:21:15,a1b04a5ce1790f7c,IST,01:30,,month,2025-11-09 13:51:15
631,2025-12-30,All Day,EUR,,German Bank Holiday,,,,forexfactory,2025-11-09 08:21:15,2025-11-09 08:21:15,dc99b2a2d171cd01,IST,All Day,,month,2025-11-09 13:51:15
632,2025-12-30,7:00pm,USD,high,Unemployment Claims,,,,forexfactory,2025-11-09 08:21:15,2025-11-09 08:21:15,714e71d27b660466,IST,13:30,,month,2025-11-09 13:51:15
633,2025-12-30,9:00pm,USD,low,Crude Oil Inventories,,,,forexfactory,2025-11-09 08:21:15,2025-11-09 08:21:15,946787563ec2ab45,IST,15:30,,month,2025-11-09 13:51:15
634,2025-12-30,10:30pm,USD,low,Natural Gas Storage,,,,forexfactory,2025-11-09 08:21:15,2025-11-09 08:21:15,ba717a7e3c152675,IST,17:00,,month,2025-11-09 13:51:15
